round,track,competition,date,laptime,driver,Sector_1,Sector_2,Sector_3
1,Spielberg Grand Prix Circuit,Formula Ultimate 2018,07/23/2022,01:20.415,Eerdt,00:15.718,00:41.665,00:23.032
2,Spielberg Grand Prix Circuit,Formula Ultimate 2018,07/23/2022,01:07.148,Eerdt,00:15.741,00:29.081,00:22.326
3,Spielberg Grand Prix Circuit,Formula Ultimate 2018,07/23/2022,01:07.578,Eerdt,00:16.333,00:29.366,00:21.879
4,Spielberg Grand Prix Circuit,Formula Ultimate 2018,07/23/2022,01:07.017,Eerdt,00:15.877,00:29.441,00:21.699
5,Spielberg Grand Prix Circuit,Formula Ultimate 2018,07/23/2022,01:08.55,Eerdt,00:15.883,00:30.216,00:22.451
6,Spielberg Grand Prix Circuit,Formula Ultimate 2018,07/23/2022,01:29.984,Eerdt,00:16.072,00:32.122,00:41.789
7,Spielberg Grand Prix Circuit,Formula Ultimate 2018,07/23/2022,01:08.798,Eerdt,00:16.283,00:29.511,00:23.004
8,Spielberg Grand Prix Circuit,Formula Ultimate 2018,07/23/2022,01:13.518,Eerdt,00:16.133,00:34.303,00:23.083
9,Spielberg Grand Prix Circuit,Formula Ultimate 2018,07/23/2022,01:09.63,Eerdt,00:15.768,00:30.768,00:23.094
10,Spielberg Grand Prix Circuit,Formula Ultimate 2018,07/23/2022,01:08.185,Eerdt,,,
11,Spielberg Grand Prix Circuit,Formula Ultimate 2018,07/23/2022,01:08.265,Eerdt,00:15.781,00:30.123,00:22.361
12,Spielberg Grand Prix Circuit,Formula Ultimate 2018,07/23/2022,01:06.434,Eerdt,00:15.814,00:29.049,00:21.572
13,Spielberg Grand Prix Circuit,Formula Ultimate 2018,07/23/2022,01:06.538,Eerdt,00:15.638,00:29.11,00:21.79
14,Spielberg Grand Prix Circuit,Formula Ultimate 2018,07/23/2022,01:07.941,Eerdt,00:16.016,00:29.676,00:22.249
15,Spielberg Grand Prix Circuit,Formula Ultimate 2018,07/23/2022,03:14.078,Eerdt,00:16.719,02:33.559,00:23.799
16,Spielberg Grand Prix Circuit,Formula Ultimate 2018,07/23/2022,02:45.711,Eerdt,00:37.696,01:05.512,01:02.504
17,Spielberg Grand Prix Circuit,Formula Ultimate 2018,07/23/2022,03:43.819,Eerdt,00:29.783,02:48.000,00:26.036
18,Spielberg Grand Prix Circuit,Formula Ultimate 2018,07/23/2022,01:19.034,Eerdt,00:21.676,00:35.038,00:22.32
1,Spielberg Grand Prix Circuit,Formula Ultimate 2018,07/23/2022,01:06.995,Mathijs,00:15.794,00:29.408,00:21.837
2,Spielberg Grand Prix Circuit,Formula Ultimate 2018,07/23/2022,01:14.011,Mathijs,00:16.20,00:35.974,00:21.837
3,Spielberg Grand Prix Circuit,Formula Ultimate 2018,07/23/2022,01:08.412,Mathijs,00:15.766,00:29.292,00:23.354
4,Spielberg Grand Prix Circuit,Formula Ultimate 2018,07/23/2022,01:06.497,Mathijs,00:15.775,00:29.54,00:21.182
5,Spielberg Grand Prix Circuit,Formula Ultimate 2018,07/23/2022,01:06.482,Mathijs,00:15.872,00:29.06,00:21.549
6,Spielberg Grand Prix Circuit,Formula Ultimate 2018,07/23/2022,01:13.849,Mathijs,00:15.809,00:35.666,00:22.374
7,Spielberg Grand Prix Circuit,Formula Ultimate 2018,07/23/2022,01:07.646,Mathijs,00:15.969,00:30.077,00:21.60
8,Spielberg Grand Prix Circuit,Formula Ultimate 2018,07/23/2022,01:06.868,Mathijs,00:15.685,00:29.489,00:21.694
9,Spielberg Grand Prix Circuit,Formula Ultimate 2018,07/23/2022,01:10.659,Mathijs,00:20.134,00:29.235,00:21.29
10,Spielberg Grand Prix Circuit,Formula Ultimate 2018,07/23/2022,01:08.835,Mathijs,00:15.799,00:30.717,00:22.319
11,Spielberg Grand Prix Circuit,Formula Ultimate 2018,07/23/2022,01:09.837,Mathijs,00:18.292,00:30.101,00:21.444
12,Spielberg Grand Prix Circuit,Formula Ultimate 2018,07/23/2022,01:08.208,Mathijs,00:15.81,00:29.521,00:22.877
13,Spielberg Grand Prix Circuit,Formula Ultimate 2018,07/23/2022,01:07.014,Mathijs,00:16.006,00:29.442,00:21.566
14,Spielberg Grand Prix Circuit,Formula Ultimate 2018,07/23/2022,01:07.222,Mathijs,00:16.401,00:29.486,00:21.335
15,Spielberg Grand Prix Circuit,Formula Ultimate 2018,07/23/2022,01:07.128,Mathijs,00:15.858,00:29.247,00:22.023
16,Spielberg Grand Prix Circuit,Formula Ultimate 2018,07/23/2022,01:07.567,Mathijs,00:15.876,00:30.405,00:21.286
17,Spielberg Grand Prix Circuit,Formula Ultimate 2018,07/23/2022,01:07.292,Mathijs,00:15.753,00:29.569,00:21.97
18,Spielberg Grand Prix Circuit,Formula Ultimate 2018,07/23/2022,01:07.039,Mathijs,00:15.823,00:29.675,00:21.541
19,Spielberg Grand Prix Circuit,Formula Ultimate 2018,07/23/2022,01:07.505,Mathijs,00:16.125,00:29.898,00:21.482
20,Spielberg Grand Prix Circuit,Formula Ultimate 2018,07/23/2022,01:07.187,Mathijs,00:15.748,00:29.495,00:21.944
21,Spielberg Grand Prix Circuit,Formula Ultimate 2018,07/23/2022,01:06.771,Mathijs,00:15.629,00:29.426,00:21.716
22,Spielberg Grand Prix Circuit,Formula Ultimate 2018,07/23/2022,01:07.805,Mathijs,00:15.804,00:30.087,00:21.914
23,Spielberg Grand Prix Circuit,Formula Ultimate 2018,07/23/2022,01:11.784,Mathijs,00:20.197,00:29.862,00:21.726
1,Spielberg Grand Prix Circuit,Formula Ultimate 2018,07/23/2022,01:08.427,Paul,00:16.048,00:30.043,00:22.292
2,Spielberg Grand Prix Circuit,Formula Ultimate 2018,07/23/2022,01:08.822,Paul,00:15.996,00:30.533,00:22.292
3,Spielberg Grand Prix Circuit,Formula Ultimate 2018,07/23/2022,01:08.821,Paul,00:16.184,00:29.738,00:22.899
4,Spielberg Grand Prix Circuit,Formula Ultimate 2018,07/23/2022,01:21.505,Paul,00:15.607,00:42.957,00:22.941
5,Spielberg Grand Prix Circuit,Formula Ultimate 2018,07/23/2022,01:07.028,Paul,00:15.987,00:29.346,00:21.695
6,Spielberg Grand Prix Circuit,Formula Ultimate 2018,07/23/2022,01:10.707,Paul,00:16.074,00:29.866,00:24.766
7,Spielberg Grand Prix Circuit,Formula Ultimate 2018,07/23/2022,01:07.802,Paul,00:15.927,00:29.616,00:22.259
8,Spielberg Grand Prix Circuit,Formula Ultimate 2018,07/23/2022,01:08.75,Paul,00:15.962,00:30.249,00:22.539
9,Spielberg Grand Prix Circuit,Formula Ultimate 2018,07/23/2022,01:08.485,Paul,00:15.869,00:30.168,00:22.448
10,Spielberg Grand Prix Circuit,Formula Ultimate 2018,07/23/2022,01:09.199,Paul,00:15.987,00:30.313,00:22.899
11,Spielberg Grand Prix Circuit,Formula Ultimate 2018,07/23/2022,01:08.899,Paul,00:16.501,00:29.937,00:22.461
12,Spielberg Grand Prix Circuit,Formula Ultimate 2018,07/23/2022,01:14.023,Paul,00:16.261,00:30.565,00:27.197
13,Spielberg Grand Prix Circuit,Formula Ultimate 2018,07/23/2022,01:09.448,Paul,00:15.922,00:30.326,00:23.20
14,Spielberg Grand Prix Circuit,Formula Ultimate 2018,07/23/2022,01:16.981,Paul,00:15.852,00:37.086,00:24.044
15,Spielberg Grand Prix Circuit,Formula Ultimate 2018,07/23/2022,01:07.973,Paul,00:15.821,00:29.863,00:22.288
16,Spielberg Grand Prix Circuit,Formula Ultimate 2018,07/23/2022,01:10.073,Paul,00:16.766,00:30.348,00:22.959
17,Spielberg Grand Prix Circuit,Formula Ultimate 2018,07/23/2022,01:07.58,Paul,00:15.63,00:29.395,00:22.555
18,Spielberg Grand Prix Circuit,Formula Ultimate 2018,07/23/2022,01:08.308,Paul,00:16.125,00:29.74,00:22.443
19,Spielberg Grand Prix Circuit,Formula Ultimate 2018,07/23/2022,01:07.511,Paul,00:15.738,00:29.448,00:22.325
20,Spielberg Grand Prix Circuit,Formula Ultimate 2018,07/23/2022,01:09.594,Paul,00:15.922,00:31.038,00:22.634
21,Spielberg Grand Prix Circuit,Formula Ultimate 2018,07/23/2022,01:09.019,Paul,00:16.078,00:30.77,00:22.171
22,Spielberg Grand Prix Circuit,Formula Ultimate 2018,07/23/2022,01:08.154,Paul,00:15.899,00:30.193,00:22.061
23,Spielberg Grand Prix Circuit,Formula Ultimate 2018,07/23/2022,01:18.604,Paul,00:21.121,00:34.828,00:22.655
1,Spielberg Grand Prix Circuit,Formula Ultimate 2018,07/23/2022,01:07.977,Roeland,00:16.663,00:29.242,00:22.072
2,Spielberg Grand Prix Circuit,Formula Ultimate 2018,07/23/2022,01:07.415,Roeland,00:15.502,00:30.008,00:21.904
3,Spielberg Grand Prix Circuit,Formula Ultimate 2018,07/23/2022,01:07.924,Roeland,00:15.661,00:29.593,00:22.67
4,Spielberg Grand Prix Circuit,Formula Ultimate 2018,07/23/2022,01:07.251,Roeland,00:15.893,00:29.662,00:21.696
5,Spielberg Grand Prix Circuit,Formula Ultimate 2018,07/23/2022,01:07.318,Roeland,00:15.653,00:29.704,00:21.961
6,Spielberg Grand Prix Circuit,Formula Ultimate 2018,07/23/2022,01:08.402,Roeland,00:15.997,00:30.546,00:21.859
7,Spielberg Grand Prix Circuit,Formula Ultimate 2018,07/23/2022,01:08.208,Roeland,00:15.876,00:29.964,00:22.368
8,Spielberg Grand Prix Circuit,Formula Ultimate 2018,07/23/2022,01:08.265,Roeland,00:16.458,00:29.496,00:22.312
9,Spielberg Grand Prix Circuit,Formula Ultimate 2018,07/23/2022,01:07.538,Roeland,00:16.027,00:29.627,00:21.884
10,Spielberg Grand Prix Circuit,Formula Ultimate 2018,07/23/2022,01:21.135,Roeland,00:15.983,00:30.413,00:34.739
11,Spielberg Grand Prix Circuit,Formula Ultimate 2018,07/23/2022,01:17.164,Roeland,00:25.478,00:29.581,00:22.105
12,Spielberg Grand Prix Circuit,Formula Ultimate 2018,07/23/2022,01:07.658,Roeland,00:15.826,00:29.663,00:22.169
13,Spielberg Grand Prix Circuit,Formula Ultimate 2018,07/23/2022,01:15.831,Roeland,00:15.511,00:38.264,00:22.055
14,Spielberg Grand Prix Circuit,Formula Ultimate 2018,07/23/2022,01:09.51,Roeland,00:15.857,00:30.345,00:23.308
15,Spielberg Grand Prix Circuit,Formula Ultimate 2018,07/23/2022,01:08.928,Roeland,00:15.936,00:30.607,00:22.385
16,Spielberg Grand Prix Circuit,Formula Ultimate 2018,07/23/2022,01:08.081,Roeland,00:16.227,00:30.038,00:21.816
17,Spielberg Grand Prix Circuit,Formula Ultimate 2018,07/23/2022,01:07.197,Roeland,00:15.749,00:29.616,00:21.833
18,Spielberg Grand Prix Circuit,Formula Ultimate 2018,07/23/2022,01:09.533,Roeland,00:15.927,00:30.898,00:22.709
19,Spielberg Grand Prix Circuit,Formula Ultimate 2018,07/23/2022,01:08.487,Roeland,00:15.955,00:30.346,00:22.187
20,Spielberg Grand Prix Circuit,Formula Ultimate 2018,07/23/2022,01:23.304,Roeland,00:15.804,00:44.814,00:22.687
21,Spielberg Grand Prix Circuit,Formula Ultimate 2018,07/23/2022,01:07.595,Roeland,00:15.847,00:29.732,00:22.016
22,Spielberg Grand Prix Circuit,Formula Ultimate 2018,07/23/2022,01:07.804,Roeland,00:16.214,00:29.567,00:22.023
23,Spielberg Grand Prix Circuit,Formula Ultimate 2018,07/23/2022,01:14.032,Roeland,00:21.613,00:30.279,00:22.14
1,Spielberg Grand Prix Circuit,Formula Ultimate 2018,07/23/2022,01:14.597,Benoit,00:15.731,00:30.781,00:28.085
2,Spielberg Grand Prix Circuit,Formula Ultimate 2018,07/23/2022,01:09.121,Benoit,00:16.503,00:30.484,00:22.134
3,Spielberg Grand Prix Circuit,Formula Ultimate 2018,07/23/2022,01:11.507,Benoit,00:16.486,00:31.842,00:23.178
4,Spielberg Grand Prix Circuit,Formula Ultimate 2018,07/23/2022,01:09.701,Benoit,00:15.972,00:31.61,00:22.119
5,Spielberg Grand Prix Circuit,Formula Ultimate 2018,07/23/2022,01:09.266,Benoit,00:15.933,00:30.54,00:22.793
6,Spielberg Grand Prix Circuit,Formula Ultimate 2018,07/23/2022,01:09.913,Benoit,00:15.994,00:31.688,00:22.231
7,Spielberg Grand Prix Circuit,Formula Ultimate 2018,07/23/2022,01:18.489,Benoit,00:26.371,00:30.145,00:21.973
8,Spielberg Grand Prix Circuit,Formula Ultimate 2018,07/23/2022,01:13.008,Benoit,00:16.421,00:34.669,00:21.918
9,Spielberg Grand Prix Circuit,Formula Ultimate 2018,07/23/2022,01:09.23,Benoit,00:16.672,00:30.453,00:22.105
10,Spielberg Grand Prix Circuit,Formula Ultimate 2018,07/23/2022,01:09.11,Benoit,00:16.053,00:31.067,00:21.991
11,Spielberg Grand Prix Circuit,Formula Ultimate 2018,07/23/2022,01:09.554,Benoit,00:16.119,00:31.099,00:22.335
12,Spielberg Grand Prix Circuit,Formula Ultimate 2018,07/23/2022,01:09.33,Benoit,,,
13,Spielberg Grand Prix Circuit,Formula Ultimate 2018,07/23/2022,01:09.388,Benoit,00:16.342,00:31.015,00:22.031
14,Spielberg Grand Prix Circuit,Formula Ultimate 2018,07/23/2022,01:09.137,Benoit,00:15.905,00:30.742,00:22.491
15,Spielberg Grand Prix Circuit,Formula Ultimate 2018,07/23/2022,01:19.33,Benoit,00:16.354,00:40.714,00:22.262
16,Spielberg Grand Prix Circuit,Formula Ultimate 2018,07/23/2022,01:09.314,Benoit,00:16.596,00:30.651,00:22.068
17,Spielberg Grand Prix Circuit,Formula Ultimate 2018,07/23/2022,01:19.23,Benoit,00:16.408,00:40.52,00:22.302
18,Spielberg Grand Prix Circuit,Formula Ultimate 2018,07/23/2022,01:09.698,Benoit,00:16.319,00:31.024,00:22.355
19,Spielberg Grand Prix Circuit,Formula Ultimate 2018,07/23/2022,01:10.587,Benoit,00:16.308,00:31.636,00:22.643
20,Spielberg Grand Prix Circuit,Formula Ultimate 2018,07/23/2022,01:09.505,Benoit,00:16.248,00:30.918,00:22.339
21,Spielberg Grand Prix Circuit,Formula Ultimate 2018,07/23/2022,01:09.482,Benoit,,,
22,Spielberg Grand Prix Circuit,Formula Ultimate 2018,07/23/2022,01:16.176,Benoit,00:22.188,00:31.476,00:22.512
1,Spielberg Grand Prix Circuit,Formula Ultimate 2018,07/23/2022,01:10.171,Lieneke,00:16.185,00:30.182,00:23.804
2,Spielberg Grand Prix Circuit,Formula Ultimate 2018,07/23/2022,01:11.83,Lieneke,00:16.828,00:31.313,00:23.689
3,Spielberg Grand Prix Circuit,Formula Ultimate 2018,07/23/2022,01:13.212,Lieneke,00:16.383,00:32.078,00:24.75
4,Spielberg Grand Prix Circuit,Formula Ultimate 2018,07/23/2022,01:12.127,Lieneke,00:16.594,00:31.697,00:23.836
5,Spielberg Grand Prix Circuit,Formula Ultimate 2018,07/23/2022,01:12.178,Lieneke,00:16.78,00:31.37,00:24.028
6,Spielberg Grand Prix Circuit,Formula Ultimate 2018,07/23/2022,01:15.607,Lieneke,00:16.596,00:30.516,00:28.495
7,Spielberg Grand Prix Circuit,Formula Ultimate 2018,07/23/2022,01:12.101,Lieneke,00:16.506,00:31.458,00:24.136
8,Spielberg Grand Prix Circuit,Formula Ultimate 2018,07/23/2022,01:11.815,Lieneke,00:16.457,00:31.135,00:24.222
9,Spielberg Grand Prix Circuit,Formula Ultimate 2018,07/23/2022,01:11.643,Lieneke,00:16.681,00:31.153,00:23.808
10,Spielberg Grand Prix Circuit,Formula Ultimate 2018,07/23/2022,01:10.641,Lieneke,00:16.52,00:30.899,00:23.221
11,Spielberg Grand Prix Circuit,Formula Ultimate 2018,07/23/2022,01:12.601,Lieneke,00:17.598,00:31.054,00:23.949
12,Spielberg Grand Prix Circuit,Formula Ultimate 2018,07/23/2022,01:12.729,Lieneke,00:16.677,00:31.797,00:24.255
13,Spielberg Grand Prix Circuit,Formula Ultimate 2018,07/23/2022,01:13.452,Lieneke,00:16.603,00:31.846,00:25.003
14,Spielberg Grand Prix Circuit,Formula Ultimate 2018,07/23/2022,01:13.487,Lieneke,00:18.166,00:31.442,00:23.879
15,Spielberg Grand Prix Circuit,Formula Ultimate 2018,07/23/2022,01:13.415,Lieneke,00:16.528,00:32.445,00:24.442
16,Spielberg Grand Prix Circuit,Formula Ultimate 2018,07/23/2022,01:14.974,Lieneke,00:16.604,00:34.953,00:23.418
17,Spielberg Grand Prix Circuit,Formula Ultimate 2018,07/23/2022,01:16.317,Lieneke,00:21.133,00:31.51,00:23.674
18,Spielberg Grand Prix Circuit,Formula Ultimate 2018,07/23/2022,01:13.81,Lieneke,00:17.165,00:31.529,00:25.115
19,Spielberg Grand Prix Circuit,Formula Ultimate 2018,07/23/2022,01:15.222,Lieneke,00:19.481,00:31.683,00:24.058
20,Spielberg Grand Prix Circuit,Formula Ultimate 2018,07/23/2022,01:14.71,Lieneke,00:16.945,00:33.274,00:24.491
21,Spielberg Grand Prix Circuit,Formula Ultimate 2018,07/23/2022,01:14.602,Lieneke,00:17.841,00:32.413,00:24.347
22,Spielberg Grand Prix Circuit,Formula Ultimate 2018,07/23/2022,01:26.658,Lieneke,00:26.683,00:34.466,00:25.508
1,Spielberg Grand Prix Circuit,Formula Ultimate 2018,07/23/2022,01:35.337,gerald,00:16.225,00:34.803,00:44.308
2,Spielberg Grand Prix Circuit,Formula Ultimate 2018,07/23/2022,01:23.067,gerald,00:16.491,00:32.628,00:33.948
3,Spielberg Grand Prix Circuit,Formula Ultimate 2018,07/23/2022,01:09.42,gerald,00:16.189,00:30.883,00:22.349
4,Spielberg Grand Prix Circuit,Formula Ultimate 2018,07/23/2022,01:12.287,gerald,00:16.277,00:33.324,00:22.687
5,Spielberg Grand Prix Circuit,Formula Ultimate 2018,07/23/2022,01:09.597,gerald,00:16.054,00:31.51,00:22.033
6,Spielberg Grand Prix Circuit,Formula Ultimate 2018,07/23/2022,01:24.454,gerald,00:16.363,00:31.85,00:36.241
7,Spielberg Grand Prix Circuit,Formula Ultimate 2018,07/23/2022,01:19.693,gerald,00:22.081,00:35.399,00:22.213
8,Spielberg Grand Prix Circuit,Formula Ultimate 2018,07/23/2022,01:08.621,gerald,00:15.918,00:30.544,00:22.159
9,Spielberg Grand Prix Circuit,Formula Ultimate 2018,07/23/2022,01:09.64,gerald,00:16.295,00:30.98,00:22.364
10,Spielberg Grand Prix Circuit,Formula Ultimate 2018,07/23/2022,01:10.908,gerald,00:16.227,00:32.517,00:22.164
11,Spielberg Grand Prix Circuit,Formula Ultimate 2018,07/23/2022,01:09.357,gerald,00:15.879,00:31.127,00:22.351
12,Spielberg Grand Prix Circuit,Formula Ultimate 2018,07/23/2022,01:11.203,gerald,00:15.995,00:33.018,00:22.19
13,Spielberg Grand Prix Circuit,Formula Ultimate 2018,07/23/2022,01:09.918,gerald,00:15.664,00:31.417,00:22.837
14,Spielberg Grand Prix Circuit,Formula Ultimate 2018,07/23/2022,01:13.228,gerald,00:16.453,00:34.436,00:22.34
15,Spielberg Grand Prix Circuit,Formula Ultimate 2018,07/23/2022,01:09.731,gerald,00:15.921,00:31.492,00:22.318
16,Spielberg Grand Prix Circuit,Formula Ultimate 2018,07/23/2022,01:11.83,gerald,00:18.224,00:31.112,00:22.493
17,Spielberg Grand Prix Circuit,Formula Ultimate 2018,07/23/2022,01:10.044,gerald,00:16.239,00:31.445,00:22.36
18,Spielberg Grand Prix Circuit,Formula Ultimate 2018,07/23/2022,01:11.50,gerald,00:16.054,00:32.938,00:22.508
19,Spielberg Grand Prix Circuit,Formula Ultimate 2018,07/23/2022,01:13.35,gerald,00:16.224,00:34.351,00:22.774
20,Spielberg Grand Prix Circuit,Formula Ultimate 2018,07/23/2022,01:18.886,gerald,00:24.518,00:31.141,00:23.227
21,Spielberg Grand Prix Circuit,Formula Ultimate 2018,07/23/2022,01:31.362,gerald,00:21.226,00:47.708,00:22.428
1,Spielberg Grand Prix Circuit,Formula Ultimate 2018,07/23/2022,01:41.195,giel,00:15.965,01:02.481,00:22.749
2,Spielberg Grand Prix Circuit,Formula Ultimate 2018,07/23/2022,01:09.356,giel,00:16.142,00:31.04,00:22.174
3,Spielberg Grand Prix Circuit,Formula Ultimate 2018,07/23/2022,01:10.689,giel,00:16.495,00:31.398,00:22.796
4,Spielberg Grand Prix Circuit,Formula Ultimate 2018,07/23/2022,01:09.965,giel,00:16.068,00:30.682,00:23.215
5,Spielberg Grand Prix Circuit,Formula Ultimate 2018,07/23/2022,01:13.921,giel,00:19.098,00:31.639,00:23.184
6,Spielberg Grand Prix Circuit,Formula Ultimate 2018,07/23/2022,01:12.028,giel,00:16.452,00:31.000,00:24.575
7,Spielberg Grand Prix Circuit,Formula Ultimate 2018,07/23/2022,01:12.589,giel,00:16.393,00:32.672,00:23.524
8,Spielberg Grand Prix Circuit,Formula Ultimate 2018,07/23/2022,01:12.032,giel,00:16.37,00:32.934,00:22.727
9,Spielberg Grand Prix Circuit,Formula Ultimate 2018,07/23/2022,01:27.992,giel,00:16.134,00:48.089,00:23.768
10,Spielberg Grand Prix Circuit,Formula Ultimate 2018,07/23/2022,01:35.012,giel,00:18.267,00:32.115,00:44.63
11,Spielberg Grand Prix Circuit,Formula Ultimate 2018,07/23/2022,01:10.007,giel,00:15.961,00:30.722,00:23.325
12,Spielberg Grand Prix Circuit,Formula Ultimate 2018,07/23/2022,01:09.688,giel,00:16.295,00:30.92,00:22.473
13,Spielberg Grand Prix Circuit,Formula Ultimate 2018,07/23/2022,01:08.881,giel,00:15.841,00:31.086,00:21.954
14,Spielberg Grand Prix Circuit,Formula Ultimate 2018,07/23/2022,01:08.807,giel,00:16.296,00:30.171,00:22.34
15,Spielberg Grand Prix Circuit,Formula Ultimate 2018,07/23/2022,01:11.485,giel,00:16.056,00:32.842,00:22.586
16,Spielberg Grand Prix Circuit,Formula Ultimate 2018,07/23/2022,01:13.114,giel,00:16.946,00:33.423,00:22.745
17,Spielberg Grand Prix Circuit,Formula Ultimate 2018,07/23/2022,01:09.811,giel,00:16.184,00:30.762,00:22.865
18,Spielberg Grand Prix Circuit,Formula Ultimate 2018,07/23/2022,01:17.871,giel,00:16.452,00:38.466,00:22.954
19,Spielberg Grand Prix Circuit,Formula Ultimate 2018,07/23/2022,01:22.985,giel,00:16.276,00:32.529,00:34.18
20,Spielberg Grand Prix Circuit,Formula Ultimate 2018,07/23/2022,01:11.572,giel,00:16.866,00:31.88,00:22.827
21,Spielberg Grand Prix Circuit,Formula Ultimate 2018,07/23/2022,01:27.951,giel,00:23.556,00:32.546,00:31.85
1,Spielberg Grand Prix Circuit,Formula Ultimate 2018,07/23/2022,01:10.221,Eelco,00:17.69,00:30.428,00:22.102
2,Spielberg Grand Prix Circuit,Formula Ultimate 2018,07/23/2022,01:10.277,Eelco,00:16.427,00:31.441,00:22.408
3,Spielberg Grand Prix Circuit,Formula Ultimate 2018,07/23/2022,01:10.823,Eelco,00:16.602,00:31.902,00:22.319
4,Spielberg Grand Prix Circuit,Formula Ultimate 2018,07/23/2022,01:17.171,Eelco,00:16.581,00:38.22,00:22.37
5,Spielberg Grand Prix Circuit,Formula Ultimate 2018,07/23/2022,01:14.417,Eelco,00:16.362,00:35.233,00:22.821
6,Spielberg Grand Prix Circuit,Formula Ultimate 2018,07/23/2022,01:19.032,Eelco,00:26.507,00:30.294,00:22.231
7,Spielberg Grand Prix Circuit,Formula Ultimate 2018,07/23/2022,01:17.893,Eelco,00:16.53,00:38.384,00:22.978
8,Spielberg Grand Prix Circuit,Formula Ultimate 2018,07/23/2022,01:14.87,Eelco,00:15.723,00:35.544,00:23.603
9,Spielberg Grand Prix Circuit,Formula Ultimate 2018,07/23/2022,01:20.951,Eelco,00:16.026,00:42.882,00:22.043
10,Spielberg Grand Prix Circuit,Formula Ultimate 2018,07/23/2022,01:12.263,Eelco,00:16.861,00:33.529,00:21.873
11,Spielberg Grand Prix Circuit,Formula Ultimate 2018,07/23/2022,01:19.151,Eelco,00:16.305,00:39.82,00:23.026
12,Spielberg Grand Prix Circuit,Formula Ultimate 2018,07/23/2022,01:13.491,Eelco,00:16.291,00:33.128,00:24.072
13,Spielberg Grand Prix Circuit,Formula Ultimate 2018,07/23/2022,01:24.039,Eelco,00:18.344,00:42.248,00:23.447
14,Spielberg Grand Prix Circuit,Formula Ultimate 2018,07/23/2022,01:14.913,Eelco,00:19.849,00:31.213,00:23.852
15,Spielberg Grand Prix Circuit,Formula Ultimate 2018,07/23/2022,01:34.971,Eelco,00:16.323,00:55.134,00:23.514
16,Spielberg Grand Prix Circuit,Formula Ultimate 2018,07/23/2022,01:12.042,Eelco,00:16.559,00:31.711,00:23.773
17,Spielberg Grand Prix Circuit,Formula Ultimate 2018,07/23/2022,01:12.564,Eelco,00:16.723,00:31.213,00:24.627
18,Spielberg Grand Prix Circuit,Formula Ultimate 2018,07/23/2022,01:13.805,Eelco,00:16.895,00:34.148,00:22.762
19,Spielberg Grand Prix Circuit,Formula Ultimate 2018,07/23/2022,01:17.895,Eelco,00:16.604,00:37.809,00:23.482
20,Spielberg Grand Prix Circuit,Formula Ultimate 2018,07/23/2022,01:12.455,Eelco,00:16.767,00:32.426,00:23.262
21,Spielberg Grand Prix Circuit,Formula Ultimate 2018,07/23/2022,01:23.503,Eelco,00:25.911,00:32.859,00:24.733
1,Spielberg Grand Prix Circuit,Formula Ultimate 2018,07/23/2022,01:15.616,joyce,00:17.924,00:32.559,00:25.134
2,Spielberg Grand Prix Circuit,Formula Ultimate 2018,07/23/2022,01:14.232,joyce,00:17.024,00:31.98,00:25.227
3,Spielberg Grand Prix Circuit,Formula Ultimate 2018,07/23/2022,01:39.562,joyce,00:27.914,00:46.189,00:25.458
4,Spielberg Grand Prix Circuit,Formula Ultimate 2018,07/23/2022,01:12.799,joyce,00:17.507,00:30.856,00:24.435
5,Spielberg Grand Prix Circuit,Formula Ultimate 2018,07/23/2022,01:14.35,joyce,00:17.224,00:31.476,00:25.65
6,Spielberg Grand Prix Circuit,Formula Ultimate 2018,07/23/2022,01:16.789,joyce,00:17.622,00:33.876,00:25.291
7,Spielberg Grand Prix Circuit,Formula Ultimate 2018,07/23/2022,01:16.828,joyce,00:19.598,00:32.11,00:25.12
8,Spielberg Grand Prix Circuit,Formula Ultimate 2018,07/23/2022,01:14.918,joyce,00:16.767,00:32.696,00:25.455
9,Spielberg Grand Prix Circuit,Formula Ultimate 2018,07/23/2022,01:14.813,joyce,00:17.233,00:33.549,00:24.032
10,Spielberg Grand Prix Circuit,Formula Ultimate 2018,07/23/2022,01:14.017,joyce,00:18.11,00:31.386,00:24.521
11,Spielberg Grand Prix Circuit,Formula Ultimate 2018,07/23/2022,01:16.899,joyce,00:16.963,00:32.12,00:27.816
12,Spielberg Grand Prix Circuit,Formula Ultimate 2018,07/23/2022,01:12.649,joyce,00:16.731,00:31.487,00:24.431
13,Spielberg Grand Prix Circuit,Formula Ultimate 2018,07/23/2022,01:14.643,joyce,00:17.40,00:32.374,00:24.87
14,Spielberg Grand Prix Circuit,Formula Ultimate 2018,07/23/2022,01:14.506,joyce,00:17.18,00:31.868,00:25.458
15,Spielberg Grand Prix Circuit,Formula Ultimate 2018,07/23/2022,01:35.851,joyce,00:34.74,00:34.314,00:26.796
16,Spielberg Grand Prix Circuit,Formula Ultimate 2018,07/23/2022,01:14.004,joyce,00:17.029,00:30.982,00:25.992
17,Spielberg Grand Prix Circuit,Formula Ultimate 2018,07/23/2022,01:13.167,joyce,00:17.531,00:31.181,00:24.454
18,Spielberg Grand Prix Circuit,Formula Ultimate 2018,07/23/2022,01:13.595,joyce,00:17.146,00:31.847,00:24.602
19,Spielberg Grand Prix Circuit,Formula Ultimate 2018,07/23/2022,01:16.993,joyce,00:17.193,00:34.631,00:25.169
20,Spielberg Grand Prix Circuit,Formula Ultimate 2018,07/23/2022,01:12.604,joyce,00:17.219,00:31.327,00:24.058
21,Spielberg Grand Prix Circuit,Formula Ultimate 2018,07/23/2022,01:22.712,joyce,00:24.735,00:33.656,00:24.32
1,Spielberg Grand Prix Circuit,Formula Ultimate 2018,07/23/2022,01:12.625,rik,00:16.531,00:32.197,00:23.897
2,Spielberg Grand Prix Circuit,Formula Ultimate 2018,07/23/2022,01:16.297,rik,00:17.713,00:30.939,00:27.645
3,Spielberg Grand Prix Circuit,Formula Ultimate 2018,07/23/2022,01:18.263,rik,00:17.125,00:37.008,00:24.13
4,Spielberg Grand Prix Circuit,Formula Ultimate 2018,07/23/2022,01:18.848,rik,00:16.007,00:39.573,00:23.268
5,Spielberg Grand Prix Circuit,Formula Ultimate 2018,07/23/2022,01:13.154,rik,00:17.058,00:31.842,00:24.254
6,Spielberg Grand Prix Circuit,Formula Ultimate 2018,07/23/2022,01:19.853,rik,00:24.574,00:31.103,00:24.176
7,Spielberg Grand Prix Circuit,Formula Ultimate 2018,07/23/2022,01:39.977,rik,00:16.078,00:44.116,00:39.783
8,Spielberg Grand Prix Circuit,Formula Ultimate 2018,07/23/2022,01:10.406,rik,00:16.736,00:30.333,00:23.337
9,Spielberg Grand Prix Circuit,Formula Ultimate 2018,07/23/2022,01:15.935,rik,00:16.945,00:35.135,00:23.855
10,Spielberg Grand Prix Circuit,Formula Ultimate 2018,07/23/2022,01:27.471,rik,00:16.488,00:34.488,00:36.495
11,Spielberg Grand Prix Circuit,Formula Ultimate 2018,07/23/2022,01:20.235,rik,00:25.864,00:30.425,00:23.945
12,Spielberg Grand Prix Circuit,Formula Ultimate 2018,07/23/2022,01:28.50,rik,00:16.139,00:49.102,00:23.259
13,Spielberg Grand Prix Circuit,Formula Ultimate 2018,07/23/2022,01:11.928,rik,00:16.682,00:31.59,00:23.656
14,Spielberg Grand Prix Circuit,Formula Ultimate 2018,07/23/2022,01:13.721,rik,00:17.304,00:32.293,00:24.124
15,Spielberg Grand Prix Circuit,Formula Ultimate 2018,07/23/2022,01:23.42,rik,00:16.429,00:42.10,00:24.89
16,Spielberg Grand Prix Circuit,Formula Ultimate 2018,07/23/2022,01:11.657,rik,00:16.678,00:30.589,00:24.39
17,Spielberg Grand Prix Circuit,Formula Ultimate 2018,07/23/2022,01:20.706,rik,00:26.709,00:30.603,00:23.394
18,Spielberg Grand Prix Circuit,Formula Ultimate 2018,07/23/2022,01:11.705,rik,00:16.16,00:31.865,00:23.679
19,Spielberg Grand Prix Circuit,Formula Ultimate 2018,07/23/2022,01:24.535,rik,00:26.812,00:32.043,00:25.68
20,Spielberg Grand Prix Circuit,Formula Ultimate 2018,07/23/2022,01:21.277,rik,00:23.178,00:32.20,00:25.90
21,Spielberg Grand Prix Circuit,Formula Ultimate 2018,07/23/2022,01:34.234,rik,00:28.451,00:36.178,00:29.605
